{"cameraMode":{"drawMode":0,"name":"Shaded","section":"Shading Mode"},"sceneLighting":false,"audioPlay":false,"sceneViewState":{"m_AlwaysRefresh":false,"showFog":true,"showSkybox":false,"showFlares":true,"showImageEffects":true,"showParticleSystems":true,"showVisualEffectGraphs":true,"m_FxEnabled":true},"in2DMode":false,"pivot":{"x":2.455063581466675,"y":1.2648656368255616,"z":0.24139997363090516},"rotation":{"x":0.11186464875936508,"y":-0.48287108540534975,"z":0.062333207577466968,"w":0.8663368821144104},"size":0.12663525342941285,"orthographic":false}