{"cameraMode":{"drawMode":0,"name":"Shaded","section":"Shading Mode"},"sceneLighting":false,"audioPlay":false,"sceneViewState":{"m_AlwaysRefresh":false,"showFog":true,"showSkybox":false,"showFlares":true,"showImageEffects":true,"showParticleSystems":true,"showVisualEffectGraphs":true,"m_FxEnabled":true},"in2DMode":false,"pivot":{"x":2.020930290222168,"y":1.5691746473312379,"z":4.278227806091309},"rotation":{"x":-0.09364841878414154,"y":0.7787294983863831,"z":-0.11950265616178513,"w":-0.6088071465492249},"size":0.09458373486995697,"orthographic":false}